{
  "L": 24,
  "n_ticks": 3000,
  "alpha": 1.0,
  "kappa": 1.0,
  "R0": 1.0,
  "E0": 0.3,
  "M_eff": 0.3,
  "r_centers": [
    3.25,
    3.75,
    4.25,
    4.75,
    5.25,
    5.75,
    6.25,
    6.75
  ],
  "delta_over_R0": [
    0.005722806991251584,
    0.0046149907304141495,
    0.00380863326268242,
    0.0032600063190880296,
    0.0027290016296020797,
    0.0022779025240399894,
    0.0019784038957119643,
    0.0017361562965974764
  ],
  "R_over_R0": [
    0.9942771930087485,
    0.9953850092695858,
    0.9961913667373177,
    0.9967399936809119,
    0.9972709983703979,
    0.9977220974759601,
    0.9980215961042881,
    0.9982638437034026
  ],
  "psi_linear": [
    0.9942771930087485,
    0.9953850092695858,
    0.9961913667373177,
    0.9967399936809119,
    0.9972709983703979,
    0.9977220974759601,
    0.9980215961042881,
    0.9982638437034026
  ],
  "psi_sqrt": [
    0.9971344909332684,
    0.9976898362064164,
    0.9980938666965736,
    0.9983686662154977,
    0.998634566981535,
    0.9988603993932086,
    0.9990103083073207,
    0.9991315447444359
  ]
}