{
  "beta=0.0": {
    "rs": [
      2,
      3,
      4,
      5,
      6,
      7,
      8,
      9,
      10,
      11,
      12,
      13,
      14,
      15
    ],
    "delta": [
      0.0032209201809362265,
      0.0022177086161910262,
      0.0016654392157587758,
      0.0012833339576575702,
      0.0010342948657799732,
      0.0008702831948221181,
      0.000745864394702697,
      0.0006422185548481786,
      0.0005607106320995256,
      0.0004995970390676543,
      0.00044953377283402286,
      0.00040652610357376224,
      0.00037112566401327853,
      0.00034305304108188844
    ],
    "fits": {
      "newton": {
        "A": 0.006380712801786461,
        "rss": 6.411349374998611e-08
      },
      "yukawa": {
        "A": 0.0068017396051606015,
        "kappa": 0.016254564398585546,
        "rss": 1.6258354430209046e-08
      },
      "schwarz": {
        "A": 0.00636704442018473,
        "rss": 6.284910554071195e-08
      }
    },
    "exponent": -1.138832926723131
  },
  "beta=0.001": {
    "rs": [
      2,
      3,
      4,
      5,
      6,
      7,
      8,
      9,
      10,
      11,
      12,
      13,
      14,
      15
    ],
    "delta": [
      0.0038937489309751874,
      0.002870003111461901,
      0.0022969013536016567,
      0.0018921202528527563,
      0.0016214840169331453,
      0.0014382760506627637,
      0.001295449337893652,
      0.001172835473870388,
      0.0010734974444437373,
      0.0009966720346567778,
      0.0009318433482689476,
      0.0008746617036343544,
      0.000826186544495342,
      0.0007867351029311842
    ],
    "fits": {
      "newton": {
        "A": 0.008749404844032898,
        "rss": 6.52393292111521e-07
      },
      "yukawa": {
        "A": 0.007552821100799047,
        "kappa": -0.035510139575438755,
        "rss": 7.428442601965686e-08
      },
      "schwarz": {
        "A": 0.008720350029094626,
        "rss": 6.663414118249446e-07
      }
    },
    "exponent": -0.8040826128574285
  },
  "beta=0.005": {
    "rs": [
      2,
      3,
      4,
      5,
      6,
      7,
      8,
      9,
      10,
      11,
      12,
      13,
      14,
      15
    ],
    "delta": [
      0.08373475824660868,
      0.08263652326087938,
      0.08187169647797596,
      0.08117243623408522,
      0.08054944940932775,
      0.07999685143835936,
      0.07945211796834374,
      0.07886142988976375,
      0.07828083732949938,
      0.07773540537928715,
      0.07718994705341467,
      0.0766450665225058,
      0.0761091061435113,
      0.0756183420804687
    ],
    "fits": {
      "newton": {
        "A": 0.32279465322859435,
        "rss": 0.027586103418743565
      },
      "yukawa": {
        "A": 0.17064340931575167,
        "kappa": -0.1395131529977565,
        "rss": 0.0023929530812006926
      },
      "schwarz": {
        "A": 0.27518612178906865,
        "rss": 0.030922750437230147
      }
    },
    "exponent": -0.050631780873816236
  },
  "beta=0.01": {
    "rs": [
      2,
      3,
      4,
      5,
      6,
      7,
      8,
      9,
      10,
      11,
      12,
      13,
      14,
      15
    ],
    "delta": [
      0.9949999999999998,
      0.9949999999999999,
      0.9949999999999998,
      0.995,
      0.9949999999999998,
      0.995,
      0.9949999999999998,
      0.9950000000000002,
      0.995,
      0.9949999999999999,
      0.9949999999999998,
      0.9949999999999999,
      0.9950000000000001,
      0.995
    ],
    "fits": {
      "newton": {
        "A": 3.973945151642096,
        "rss": 4.69389771405535
      },
      "yukawa": {
        "A": 2.035061608739994,
        "kappa": -0.1455265391379505,
        "rss": 0.375609434358619
      },
      "schwarz": {
        "A": 1.2263399135914164,
        "rss": 8.40225410122304
      }
    },
    "exponent": 9.27627827221191e-17
  },
  "beta=-0.005": {
    "rs": [
      2,
      3,
      4,
      5,
      6,
      7,
      8,
      9,
      10,
      11,
      12,
      13,
      14,
      15
    ],
    "delta": [
      0.0022969274485388287,
      0.0013762548387550697,
      0.000899200876939273,
      0.0005917377675100845,
      0.000407704842148341,
      0.00029695844127387974,
      0.00022008170576481593,
      0.0001619532066832413,
      0.00012055786321894395,
      9.25117080624528e-05,
      7.168957275381287e-05,
      5.541606721169917e-05,
      4.329710508665014e-05,
      3.453602778776273e-05
    ],
    "fits": {
      "newton": {
        "A": 0.0036908869454045797,
        "rss": 7.849788041478684e-07
      },
      "yukawa": {
        "A": 0.006329398774422791,
        "kappa": 0.15323729652514115,
        "rss": 6.337639849746096e-09
      },
      "schwarz": {
        "A": 0.003687399914350228,
        "rss": 7.82395240435363e-07
      }
    },
    "exponent": -2.1372663402433174
  }
}