{
  "L": 40,
  "n_ticks": 5000,
  "E0": 1.5,
  "M_eff": 1.5,
  "r": [
    0.75,
    1.25,
    1.75,
    2.25,
    2.75,
    3.25,
    3.75,
    4.25,
    4.75,
    5.25,
    5.75,
    6.25,
    6.75,
    7.25,
    7.75,
    8.25,
    8.75,
    9.25,
    9.75,
    10.25,
    10.75,
    11.25,
    11.75,
    12.25,
    12.75,
    13.25,
    13.75,
    14.25,
    14.75,
    15.25
  ],
  "delta_linear": [
    0.0,
    0.09278454503105678,
    0.05992884751409179,
    0.046974702156231896,
    0.036645425518381486,
    0.032300827403713366,
    0.026759475319300462,
    0.02273295843297616,
    0.0199824492922,
    0.017338637584835174,
    0.015067043824815673,
    0.013591023311964063,
    0.012359723083547632,
    0.011111737886998983,
    0.00998678074043014,
    0.009106478296937103,
    0.008306293530661634,
    0.007470703065922939,
    0.006784337362956269,
    0.006218426200580828,
    0.0056798951103081965,
    0.005207407414928378,
    0.0047833839169128586,
    0.004352144627166681,
    0.003975991707592169,
    0.003602114529804995,
    0.0032828067878167555,
    0.0029644912939140906,
    0.0027083611184569277,
    0.0024485929678022228
  ],
  "delta_single": [
    0.0,
    0.09661166824832002,
    0.061414527641509314,
    0.04798912690253455,
    0.03725387449696083,
    0.032781714371361355,
    0.02708412294951243,
    0.022972883680080446,
    0.02016336201770759,
    0.017477285966998286,
    0.015169593975008345,
    0.013675424867062032,
    0.012428245051339578,
    0.011167266979451383,
    0.010030884200122285,
    0.009143160383149052,
    0.008336203888947052,
    0.007494699038114416,
    0.006803740771116354,
    0.006234561881241967,
    0.005693005384819448,
    0.005218253921042527,
    0.004792237551992774,
    0.00435931472634634,
    0.00398172973804871,
    0.003606688561446275,
    0.00328638883826705,
    0.002967273597576915,
    0.002710515786240887,
    0.0024502365217587484
  ],
  "delta_double": [
    0.0,
    2.3125675796727605e-06,
    2.3035623705619512e-06,
    2.2864678236394014e-06,
    2.266958023448377e-06,
    2.2513183836420737e-06,
    2.225433145652822e-06,
    2.1929821290832687e-06,
    2.1650619417973305e-06,
    2.1242566185266268e-06,
    2.080826636088386e-06,
    2.040104392567358e-06,
    2.0029945119030708e-06,
    1.9527911582181297e-06,
    1.9013201281024671e-06,
    1.848810476103117e-06,
    1.7986534328905657e-06,
    1.731223782628251e-06,
    1.670030522438843e-06,
    1.6081105236149977e-06,
    1.547750161210215e-06,
    1.48219917516965e-06,
    1.42451361637353e-06,
    1.3500035224043901e-06,
    1.287294164396919e-06,
    1.2057445700527636e-06,
    1.1432815210441784e-06,
    1.0634856983106117e-06,
    1.004147310187097e-06,
    9.293160062945214e-07
  ],
  "delta_gr": [
    0.17435472882344372,
    0.10054790661774238,
    0.07070915352092055,
    0.05453889312917626,
    0.04439118209438542,
    0.03742851048915574,
    0.032354391957860495,
    0.028492065321112814,
    0.02545367258053355,
    0.023000942110688927,
    0.020979408187233983,
    0.01928453991081336,
    0.01784307014180886,
    0.016602119646154878,
    0.015522566299214335,
    0.014574844232371209,
    0.013736193774728012,
    0.012988809430499737,
    0.012318561407723805,
    0.011714093635723621,
    0.01116617497070771,
    0.010667224377418738,
    0.010210957986300895,
    0.00979212302597765,
    0.009406294665662451,
    0.009049719071327122,
    0.00871919085871875,
    0.008411956457930136,
    0.00812563721508719,
    0.007858167682874062
  ],
  "x": [
    0.15915494309189535,
    0.09549296585513721,
    0.068209261325098,
    0.05305164769729845,
    0.04340589357051692,
    0.03672806379043738,
    0.03183098861837907,
    0.028086166427981528,
    0.025129727856615054,
    0.022736420441699334,
    0.020759340403290697,
    0.01909859317102744,
    0.01768388256576615,
    0.016464304457782276,
    0.015402091266957614,
    0.014468631190172304,
    0.013641852265019601,
    0.01290445484528881,
    0.012242687930145796,
    0.011645483640870391,
    0.011103833238969442,
    0.010610329539459689,
    0.01015882615480183,
    0.009744180189299715,
    0.009362055475993844,
    0.009008770363692188,
    0.008681178714103382,
    0.008376575952205019,
    0.008092624225011627,
    0.007827292283207967
  ]
}