{
  "p=0.0": {
    "label": "Newton (baseline)",
    "p": 0.0,
    "rs": [
      2.0,
      3.0,
      4.0,
      5.0,
      6.0,
      7.0,
      8.0,
      9.0,
      10.0,
      11.0,
      12.0,
      13.0,
      14.0,
      15.0
    ],
    "delta": [
      0.02704806969728943,
      0.01862310348709684,
      0.013985177898734375,
      0.010776306324025368,
      0.00868492823821994,
      0.007307607340733828,
      0.006262786669905121,
      0.0053924195412872545,
      0.004707963979384741,
      0.004194774387516048,
      0.0037743828558034977,
      0.0034132425993075575,
      0.0031159847567025652,
      0.002880261254537513
    ],
    "exponent": -1.138937043114175,
    "fits": {
      "newton": {
        "params": [
          0.05358095733901699
        ],
        "rss": 4.527307567495533e-06
      },
      "yukawa": {
        "params": [
          0.05711720806739382,
          0.01625920848478531
        ],
        "rss": 1.1462318068202664e-06
      },
      "schwarz": {
        "params": [
          0.05262292877520648
        ],
        "rss": 3.8811186192583746e-06
      },
      "pathB1": {
        "params": [
          0.05309498935727039
        ],
        "rss": 4.1708803840869515e-06
      },
      "pathB12": {
        "params": [
          0.053338017578485816
        ],
        "rss": 4.3418493664965775e-06
      }
    }
  },
  "p=0.5": {
    "label": "p=1/2 (sqrt chi, user)",
    "p": 0.5,
    "rs": [
      2.0,
      3.0,
      4.0,
      5.0,
      6.0,
      7.0,
      8.0,
      9.0,
      10.0,
      11.0,
      12.0,
      13.0,
      14.0,
      15.0
    ],
    "delta": [
      0.02723393638731427,
      0.018707442544435328,
      0.014030975246103033,
      0.010801872531309183,
      0.008700231853196537,
      0.007317448564662458,
      0.0062691563790750445,
      0.005396353205844697,
      0.004710265631426324,
      0.004196025734485525,
      0.0037748862509716084,
      0.0034131840450204193,
      0.0031155217543408723,
      0.0028795154478705675
    ],
    "exponent": -1.1422259811227928,
    "fits": {
      "newton": {
        "params": [
          0.053827489674240406
        ],
        "rss": 4.79047191737633e-06
      },
      "yukawa": {
        "params": [
          0.05754539098173086,
          0.017003844955658792
        ],
        "rss": 1.0769563799052341e-06
      },
      "schwarz": {
        "params": [
          0.05286256183151988
        ],
        "rss": 4.074472211679419e-06
      },
      "pathB1": {
        "params": [
          0.053338017263112075
        ],
        "rss": 4.397953883073527e-06
      },
      "pathB12": {
        "params": [
          0.05358280089375879
        ],
        "rss": 4.586871821544163e-06
      }
    }
  },
  "p=1.0": {
    "label": "p=1 (chi, Schwarzschild target)",
    "p": 1.0,
    "rs": [
      2.0,
      3.0,
      4.0,
      5.0,
      6.0,
      7.0,
      8.0,
      9.0,
      10.0,
      11.0,
      12.0,
      13.0,
      14.0,
      15.0
    ],
    "delta": [
      0.027423352210935444,
      0.018792806456416566,
      0.014077163439687198,
      0.010827584424641587,
      0.008715588898208664,
      0.007327306042628237,
      0.006275524083078214,
      0.005400275306496506,
      0.004712551175764223,
      0.004197259128711503,
      0.0037753710541670498,
      0.0034131068955148896,
      0.0031150405021797855,
      0.002878751865949556
    ],
    "exponent": -1.1455498710361227,
    "fits": {
      "newton": {
        "params": [
          0.05407788806895133
        ],
        "rss": 5.077553386388465e-06
      },
      "yukawa": {
        "params": [
          0.05798248547124968,
          0.017761990761936273
        ],
        "rss": 1.008319240973315e-06
      },
      "schwarz": {
        "params": [
          0.053105947849645924
        ],
        "rss": 4.288934353192001e-06
      },
      "pathB1": {
        "params": [
          0.053584853934162895
        ],
        "rss": 4.647493221127167e-06
      },
      "pathB12": {
        "params": [
          0.053831421867174316
        ],
        "rss": 4.855084184648915e-06
      }
    }
  },
  "p=2.0": {
    "label": "p=2 (chi^2, more aggressive)",
    "p": 2.0,
    "rs": [
      2.0,
      3.0,
      4.0,
      5.0,
      6.0,
      7.0,
      8.0,
      9.0,
      10.0,
      11.0,
      12.0,
      13.0,
      14.0,
      15.0
    ],
    "delta": [
      0.02781330966040643,
      0.018966688929379256,
      0.014170729941188445,
      0.01087944584833681,
      0.008746459656907743,
      0.007347065202930446,
      0.0062882488015113085,
      0.005408080316167337,
      0.004717069687895993,
      0.004199668037796793,
      0.003776281073664879,
      0.003412893189327535,
      0.0031140197880556173,
      0.0028771680457847595
    ],
    "exponent": -1.152306044013581,
    "fits": {
      "newton": {
        "params": [
          0.054590741647555896
        ],
        "rss": 5.7294804577000944e-06
      },
      "yukawa": {
        "params": [
          0.058884728304251094,
          0.019320788607929844
        ],
        "rss": 8.736228472873904e-07
      },
      "schwarz": {
        "params": [
          0.05360442701741784
        ],
        "rss": 4.786639081696906e-06
      },
      "pathB1": {
        "params": [
          0.05409040738623712
        ],
        "rss": 5.219693555614173e-06
      },
      "pathB12": {
        "params": [
          0.05434063349759881
        ],
        "rss": 5.466947051384004e-06
      }
    }
  }
}