{
  "beta=0.0": {
    "rs": [
      2.0,
      3.0,
      4.0,
      5.0,
      6.0,
      7.0,
      8.0,
      9.0,
      10.0,
      11.0,
      12.0,
      13.0,
      14.0,
      15.0
    ],
    "delta": [
      0.0032209201809362265,
      0.0022177086161910262,
      0.0016654392157587758,
      0.0012833339576575702,
      0.0010342948657799732,
      0.0008702831948221181,
      0.000745864394702697,
      0.0006422185548481786,
      0.0005607106320995256,
      0.0004995970390676543,
      0.00044953377283402286,
      0.00040652610357376224,
      0.00037112566401327853,
      0.00034305304108188844
    ],
    "exponent": -1.138832926723131,
    "fits": {
      "newton": {
        "A": 0.006380712801786461,
        "rss": 6.411349374998611e-08
      },
      "yukawa": {
        "A": 0.0068019162569816286,
        "mu": 0.016265284643040716,
        "rss": 1.625841457003524e-08
      },
      "schwarz": {
        "A": 0.006367908627938326,
        "rss": 6.284954285236253e-08
      }
    }
  },
  "beta=0.5": {
    "rs": [
      2.0,
      3.0,
      4.0,
      5.0,
      6.0,
      7.0,
      8.0,
      9.0,
      10.0,
      11.0,
      12.0,
      13.0,
      14.0,
      15.0
    ],
    "delta": [
      0.0036826600996275167,
      0.0026040830495518328,
      0.0019960599118054034,
      0.0015658808574212303,
      0.001279256645376868,
      0.0010867802934595597,
      0.0009383705036805787,
      0.000812843011780706,
      0.0007127922785883625,
      0.0006368861448654415,
      0.0005740848430442764,
      0.0005196847617701341,
      0.000474561389864305,
      0.000438556598957649
    ],
    "exponent": -1.0813244782709566,
    "fits": {
      "newton": {
        "A": 0.007542125262599992,
        "rss": 5.1632806106557176e-08
      },
      "yukawa": {
        "A": 0.007675445420664315,
        "mu": 0.004406092503117664,
        "rss": 4.6308187619323694e-08
      },
      "schwarz": {
        "A": 0.007522427298987069,
        "rss": 5.220440111065234e-08
      }
    }
  },
  "beta=1.0": {
    "rs": [
      2.0,
      3.0,
      4.0,
      5.0,
      6.0,
      7.0,
      8.0,
      9.0,
      10.0,
      11.0,
      12.0,
      13.0,
      14.0,
      15.0
    ],
    "delta": [
      0.004640368664229383,
      0.003432665859218085,
      0.0027202694094270613,
      0.002193946499759343,
      0.0018280538705960398,
      0.0015731557844142466,
      0.0013706650297795767,
      0.0011947288581320179,
      0.001051269486457501,
      0.0009403407236085645,
      0.0008471586948087975,
      0.0007654562007993737,
      0.0006969747299846294,
      0.0006419004273337318
    ],
    "exponent": -1.0050880743926782,
    "fits": {
      "newton": {
        "A": 0.010043106265014772,
        "rss": 2.9748293921030415e-07
      },
      "yukawa": {
        "A": 0.009578322099323671,
        "mu": -0.011730146251109923,
        "rss": 2.2282978253890245e-07
      },
      "schwarz": {
        "A": 0.010006573598105122,
        "rss": 3.0870576023615235e-07
      }
    }
  },
  "beta=5.0": {
    "rs": [
      2.0,
      3.0,
      4.0,
      5.0,
      6.0,
      7.0,
      8.0,
      9.0,
      10.0,
      11.0,
      12.0,
      13.0,
      14.0,
      15.0
    ],
    "delta": [
      0.9949999999999998,
      0.9949999999999999,
      0.9949999999999998,
      0.995,
      0.9949999999999998,
      0.995,
      0.9949999999999998,
      0.9950000000000002,
      0.995,
      0.9949999999999999,
      0.9949999999999998,
      0.9949999999999999,
      0.9950000000000001,
      0.995
    ],
    "exponent": 9.27627827221191e-17,
    "fits": {
      "newton": {
        "A": 3.973945151642096,
        "rss": 4.69389771405535
      },
      "yukawa": {
        "A": 2.0350648303542602,
        "mu": -0.14552635410300624,
        "rss": 0.3756094343888617
      },
      "schwarz": {
        "error": "Initial guess is outside of provided bounds"
      }
    }
  },
  "beta=20.0": {
    "rs": [
      2.0,
      3.0,
      4.0,
      5.0,
      6.0,
      7.0,
      8.0,
      9.0,
      10.0,
      11.0,
      12.0,
      13.0,
      14.0,
      15.0
    ],
    "delta": [
      0.9949999999999998,
      0.9949999999999999,
      0.9949999999999998,
      0.995,
      0.9949999999999998,
      0.995,
      0.9949999999999998,
      0.9950000000000002,
      0.995,
      0.9949999999999999,
      0.9949999999999998,
      0.9949999999999999,
      0.9950000000000001,
      0.995
    ],
    "exponent": 9.27627827221191e-17,
    "fits": {
      "newton": {
        "A": 3.973945151642096,
        "rss": 4.69389771405535
      },
      "yukawa": {
        "A": 2.0350648303542602,
        "mu": -0.14552635410300624,
        "rss": 0.3756094343888617
      },
      "schwarz": {
        "error": "Initial guess is outside of provided bounds"
      }
    }
  },
  "beta=-1.0": {
    "rs": [
      2.0,
      3.0,
      4.0,
      5.0,
      6.0,
      7.0,
      8.0,
      9.0,
      10.0,
      11.0,
      12.0,
      13.0,
      14.0,
      15.0
    ],
    "delta": [
      0.0027033079871224006,
      0.0018005538575070876,
      0.0013176408943933588,
      0.0009921443389309243,
      0.0007853282814294937,
      0.0006521336314932039,
      0.0005529711555791171,
      0.0004718147394843626,
      0.0004089985151780599,
      0.000362563460665627,
      0.00032498705966791324,
      0.00029304183127665365,
      0.0002670075002490967,
      0.0002465313529512447
    ],
    "exponent": -1.2189589076634784,
    "fits": {
      "newton": {
        "A": 0.005141380648275723,
        "rss": 1.1985463088341684e-07
      },
      "yukawa": {
        "A": 0.00584018909645962,
        "mu": 0.032952266484258,
        "rss": 4.48124641243448e-09
      },
      "schwarz": {
        "A": 0.005132895876899203,
        "rss": 1.1812609557335779e-07
      }
    }
  }
}