{
  "E0=0.2": {
    "A_calibrated": 0.0014482613317463272,
    "exponent": -1.0194614935413733,
    "delta_sim_per_r": [
      0.0012737610554822327,
      0.0006912773494565524,
      0.0004827537772487757,
      0.0003679571029449385,
      0.0002885263397876235,
      0.00023675152675861573,
      0.0002026488549272827,
      0.00017677409155903958,
      0.00015521407435629066,
      0.00013825459164800176,
      0.0001255339672298097,
      0.0001151091273374923,
      0.0001061502751383469,
      9.87720114286149e-05,
      9.291793564571271e-05
    ],
    "delta_th_per_r": [
      0.0014482613317463272,
      0.0007241306658731636,
      0.00048275377724877575,
      0.0003620653329365818,
      0.00028965226634926545,
      0.00024137688862438787,
      0.00020689447596376103,
      0.0001810326664682909,
      0.0001609179257495919,
      0.00014482613317463272,
      0.00013166012106784794,
      0.00012068844431219394,
      0.00011140471782664056,
      0.00010344723798188051,
      9.655075544975515e-05
    ],
    "deviation_pct": [
      -12.04894948439177,
      -4.5369320710919485,
      -1.1229349448743791e-14,
      1.6272670903261275,
      -0.3887166414518253,
      -1.9162405697298461,
      -2.052070755732486,
      -2.3523792652069453,
      -3.5445717851080984,
      -4.537538483270101,
      -4.653006383672756,
      -4.62290901709628,
      -4.716535161886246,
      -4.519431010893216,
      -3.7626011180543784
    ]
  },
  "E0=0.5": {
    "A_calibrated": 0.0035677075804794543,
    "exponent": -1.019374271920518,
    "delta_sim_per_r": [
      0.0031377442952083,
      0.0017028978713976464,
      0.001189235860159818,
      0.000906453415071747,
      0.0007107885230111011,
      0.0005832492350190583,
      0.0004992422816355561,
      0.0004355033775364225,
      0.0003823930676311207,
      0.00034061543099819964,
      0.00030927959357793277,
      0.0002835990725796077,
      0.0002615297894143006,
      0.00024335406951586723,
      0.00022893300844666956
    ],
    "delta_th_per_r": [
      0.0035677075804794543,
      0.0017838537902397271,
      0.001189235860159818,
      0.0008919268951198636,
      0.0007135415160958909,
      0.000594617930079909,
      0.0005096725114970649,
      0.0004459634475599318,
      0.00039641195338660604,
      0.00035677075804794545,
      0.00032433705277085947,
      0.0002973089650399545,
      0.00027443904465226574,
      0.00025483625574853247,
      0.0002378471720319636
    ],
    "deviation_pct": [
      -12.051528203255172,
      -4.538259765740178,
      0.0,
      1.6286671061680782,
      -0.38582101008679826,
      -1.911932769891896,
      -2.0464572105079815,
      -2.345499408245469,
      -3.5364437514358227,
      -4.528209413276727,
      -4.6425343833794495,
      -4.611328305725456,
      -4.703869762526715,
      -4.505711402382103,
      -3.7478535099404504
    ]
  },
  "E0=1.0": {
    "A_calibrated": 0.006967197646086653,
    "exponent": -1.0192367879391508,
    "delta_sim_per_r": [
      0.0061272606764879445,
      0.0033254311576748612,
      0.002322399215362218,
      0.0017702059635013997,
      0.0013881269485756802,
      0.0011390771033382328,
      0.0009750333504700664,
      0.0008505672104291934,
      0.0007468554825113039,
      0.0006652733001044839,
      0.0006040812097564236,
      0.0005539324411738533,
      0.0005108354546340126,
      0.0004753416294044195,
      0.0004471798138274632
    ],
    "delta_th_per_r": [
      0.006967197646086653,
      0.0034835988230433267,
      0.002322399215362218,
      0.0017417994115216634,
      0.0013934395292173308,
      0.001161199607681109,
      0.0009953139494409504,
      0.0008708997057608317,
      0.000774133071787406,
      0.0006967197646086654,
      0.0006333816041896958,
      0.0005805998038405545,
      0.0005359382804682041,
      0.0004976569747204752,
      0.00046447984307244357
    ],
    "deviation_pct": [
      -12.055592682525464,
      -4.540352474636782,
      0.0,
      1.6308738992465237,
      -0.381256633693646,
      -1.9051422508705718,
      -2.037608232284418,
      -2.3346540591462843,
      -3.5236305320376684,
      -4.513502573282732,
      -4.626025485971772,
      -4.593071249818155,
      -4.683902372538369,
      -4.484081696753037,
      -3.7246028009620553
    ]
  },
  "E0=2.0": {
    "A_calibrated": 0.013316743454324808,
    "exponent": -1.018987679496614,
    "delta_sim_per_r": [
      0.011710350497926014,
      0.006355805725878328,
      0.004438914484774936,
      0.0033836138055009612,
      0.002653414772079046,
      0.0021774465241567874,
      0.0018639336828908208,
      0.0016260575983763179,
      0.001427844759540974,
      0.0012719241218443291,
      0.0011549719865147575,
      0.0010591251928862276,
      0.0009767553453611834,
      0.0009089164601974584,
      0.0008550906451596028
    ],
    "delta_th_per_r": [
      0.013316743454324808,
      0.006658371727162404,
      0.004438914484774936,
      0.003329185863581202,
      0.0026633486908649614,
      0.002219457242387468,
      0.001902391922046401,
      0.001664592931790601,
      0.0014796381615916454,
      0.0013316743454324807,
      0.0012106130413022552,
      0.001109728621193734,
      0.0010243648811019083,
      0.0009511959610232005,
      0.0008877828969549872
    ],
    "deviation_pct": [
      -12.062956397024333,
      -4.544144029234312,
      0.0,
      1.6348724327818465,
      -0.37298603896620774,
      -1.8928374662216807,
      -2.021572879378647,
      -2.315000423126311,
      -3.5004099917886244,
      -4.486849490875101,
      -4.596105682757604,
      -4.55998226422892,
      -4.647712608959355,
      -4.444878085926908,
      -3.6824601946619837
    ]
  }
}