{
  "ell_planck_m": 1.616e-35,
  "forbidden_lambda_phys": [
    1e-05,
    100000.0
  ],
  "allowed_alpha_over_beta": "alpha/beta < 3.83e+59 or > 3.83e+79",
  "test_case": {
    "beta": 0.01,
    "alpha": 0.15,
    "lambda_sim": 3.872983346207417,
    "lambda_phys_m": 6.258741087471186e-35,
    "status": "allowed"
  },
  "lambda_bounds_m": [
    1e-05,
    0.0001,
    0.001,
    0.01,
    0.1,
    1.0,
    10.0,
    100.0,
    1000.0,
    10000.0,
    100000.0
  ],
  "alpha_Y_max": [
    100.0,
    1.0,
    0.1,
    0.01,
    0.005,
    0.0005,
    0.001,
    0.01,
    0.1,
    1.0,
    10.0
  ]
}